time_min,distance_km,relative_speed_km_s,fuel_delta_v_m_s,chaser_x_km,chaser_y_km,target_x_km,target_y_km,action
0,309.516,0.342826,0,6856.19,-308.737,6878.14,0,radial_in
0.166667,309.267,0.34235,0.2,6859.19,-232.587,6877.72,76.1245,radial_in
0.333333,309.018,0.341874,0.4,6861.35,-156.409,6876.45,152.24,radial_in
0.5,308.769,0.341398,0.6,6862.66,-80.2114,6874.35,228.336,radial_in
0.666667,308.52,0.340922,0.8,6863.12,-4.00378,6871.4,304.405,radial_in
0.833333,308.27,0.340446,1,6862.73,72.2043,6867.61,380.436,radial_in
1,308.021,0.33997,1.2,6861.5,148.403,6862.98,456.421,radial_in
1.16667,307.771,0.339494,1.4,6859.41,224.584,6857.5,532.35,radial_in
1.33333,307.521,0.339018,1.6,6856.48,300.737,6851.19,608.213,radial_in
1.5,307.271,0.338542,1.8,6852.7,376.853,6844.04,684.002,radial_in
1.66667,307.021,0.338066,2,6848.08,452.922,6836.05,759.708,radial_in
1.83333,306.77,0.33759,2.2,6842.6,528.936,6827.23,835.32,radial_in
2,306.518,0.337113,2.4,6836.28,604.884,6817.56,910.83,radial_in
2.16667,306.266,0.336636,2.6,6829.12,680.757,6807.06,986.228,radial_in
2.33333,306.014,0.336159,2.8,6821.11,756.546,6795.73,1061.51,radial_in
2.5,305.761,0.335682,3,6812.26,832.242,6783.57,1136.65,radial_in
2.66667,305.508,0.335205,3.2,6802.57,907.834,6770.57,1211.66,radial_in
2.83333,305.253,0.334727,3.4,6792.04,983.315,6756.75,1286.52,radial_in
3,304.999,0.334249,3.6,6780.67,1058.67,6742.09,1361.22,radial_in
3.16667,304.743,0.333771,3.8,6768.45,1133.9,6726.62,1435.76,radial_in
3.33333,304.487,0.333292,4,6755.41,1208.99,6710.31,1510.12,radial_in
3.5,304.229,0.332813,4.2,6741.52,1283.93,6693.19,1584.29,radial_in
3.66667,303.971,0.332333,4.4,6726.81,1358.71,6675.25,1658.27,radial_in
3.83333,303.712,0.331853,4.6,6711.26,1433.32,6656.48,1732.05,radial_in
4,303.453,0.331373,4.8,6694.88,1507.75,6636.91,1805.62,radial_in
4.16667,303.192,0.330892,5,6677.68,1582,6616.52,1878.96,radial_in
4.33333,302.93,0.330411,5.2,6659.65,1656.05,6595.31,1952.07,radial_in
4.5,302.667,0.329929,5.4,6640.79,1729.9,6573.31,2024.95,radial_in
4.66667,302.403,0.329447,5.6,6621.12,1803.54,6550.49,2097.58,radial_in
4.83333,302.138,0.328964,5.8,6600.63,1876.95,6526.88,2169.95,radial_in
5,301.871,0.32848,6,6579.32,1950.13,6502.46,2242.05,radial_in
5.16667,301.604,0.327996,6.2,6557.19,2023.06,6477.25,2313.88,radial_in
5.33333,301.335,0.327512,6.4,6534.26,2095.75,6451.24,2385.42,radial_in
5.5,301.065,0.327026,6.6,6510.52,2168.18,6424.45,2456.68,radial_in
5.66667,300.793,0.32654,6.8,6485.97,2240.34,6396.86,2527.63,radial_in
5.83333,300.52,0.326053,7,6460.62,2312.22,6368.5,2598.27,radial_in
6,300.246,0.325566,7.2,6434.48,2383.82,6339.35,2668.6,radial_in
6.16667,299.97,0.325078,7.4,6407.53,2455.12,6309.43,2738.6,radial_in
6.33333,299.692,0.324589,7.6,6379.8,2526.12,6278.73,2808.26,radial_in
6.5,299.414,0.324099,7.8,6351.27,2596.81,6247.26,2877.58,radial_in
6.66667,299.133,0.323609,8,6321.96,2667.18,6215.03,2946.54,radial_in
6.83333,298.851,0.323118,8.2,6291.87,2737.21,6182.04,3015.15,radial_in
7,298.567,0.322625,8.4,6261,2806.91,6148.29,3083.39,radial_in
7.16667,298.282,0.322132,8.6,6229.36,2876.26,6113.79,3151.24,radial_in
7.33333,297.994,0.321639,8.8,6196.94,2945.25,6078.54,3218.72,radial_in
7.5,297.705,0.321144,9,6163.76,3013.88,6042.54,3285.79,radial_in
7.66667,297.415,0.320648,9.2,6129.82,3082.14,6005.81,3352.47,radial_in
7.83333,297.122,0.320151,9.4,6095.11,3150.02,5968.34,3418.73,radial_in
8,296.827,0.319654,9.6,6059.66,3217.5,5930.13,3484.58,radial_in
8.16667,296.531,0.319155,9.8,6023.45,3284.59,5891.2,3550,radial_in
8.33333,296.233,0.318656,10,5986.5,3351.27,5851.55,3614.98,radial_in
8.5,295.932,0.318155,10.2,5948.81,3417.54,5811.19,3679.52,radial_in
8.66667,295.63,0.317654,10.4,5910.38,3483.38,5770.11,3743.61,radial_in
8.83333,295.325,0.317151,10.6,5871.22,3548.8,5728.32,3807.25,radial_in
9,295.018,0.316647,10.8,5831.34,3613.77,5685.83,3870.41,radial_in
9.16667,294.71,0.316142,11,5790.73,3678.3,5642.65,3933.1,radial_in
9.33333,294.399,0.315636,11.2,5749.4,3742.37,5598.77,3995.31,radial_in
9.5,294.086,0.315129,11.4,5707.37,3805.98,5554.21,4057.03,radial_in
9.66667,293.77,0.314621,11.6,5664.63,3869.12,5508.97,4118.26,radial_in
9.83333,293.452,0.314112,11.8,5621.18,3931.77,5463.05,4178.98,radial_in
10,293.132,0.313601,12,5577.05,3993.95,5416.47,4239.18,radial_in
10.1667,292.81,0.313089,12.2,5532.22,4055.62,5369.22,4298.87,radial_in
10.3333,292.485,0.312576,12.4,5486.7,4116.8,5321.31,4358.03,radial_in
10.5,292.158,0.312062,12.6,5440.51,4177.47,5272.75,4416.66,radial_in
10.6667,291.829,0.311547,12.8,5393.64,4237.61,5223.55,4474.74,radial_in
10.8333,291.497,0.31103,13,5346.11,4297.24,5173.7,4532.28,radial_in
11,291.162,0.310512,13.2,5297.91,4356.33,5123.22,4589.27,radial_in
11.1667,290.825,0.309993,13.4,5249.06,4414.88,5072.12,4645.69,radial_in
11.3333,290.485,0.309472,13.6,5199.56,4472.89,5020.39,4701.54,radial_in
11.5,290.143,0.30895,13.8,5149.41,4530.34,4968.05,4756.81,radial_in
11.6667,289.798,0.308426,14,5098.63,4587.23,4915.1,4811.51,radial_in
11.8333,289.451,0.307902,14.2,5047.21,4643.56,4861.54,4865.61,radial_in
12,289.101,0.307376,14.4,4995.17,4699.3,4807.4,4919.12,radial_in
12.1667,288.748,0.306848,14.6,4942.52,4754.47,4752.66,4972.02,radial_in
12.3333,288.392,0.306319,14.8,4889.24,4809.05,4697.34,5024.32,radial_in
12.5,288.034,0.305789,15,4835.37,4863.03,4641.44,5076,radial_in
12.6667,287.672,0.305257,15.2,4780.89,4916.41,4584.98,5127.06,radial_in
12.8333,287.308,0.304724,15.4,4725.82,4969.18,4527.95,5177.49,radial_in
13,286.942,0.304189,15.6,4670.17,5021.33,4470.38,5227.29,radial_in
13.1667,286.572,0.303653,15.8,4613.94,5072.86,4412.25,5276.44,radial_in
13.3333,286.199,0.303115,16,4557.14,5123.77,4353.58,5324.95,radial_in
13.5,285.823,0.302576,16.2,4499.77,5174.04,4294.38,5372.81,radial_in
13.6667,285.445,0.302035,16.4,4441.84,5223.66,4234.65,5420.01,radial_in
13.8333,285.063,0.301492,16.6,4383.36,5272.64,4174.41,5466.54,radial_in
14,284.679,0.300949,16.8,4324.34,5320.97,4113.65,5512.41,radial_in
14.1667,284.291,0.300403,17,4264.79,5368.64,4052.39,5557.6,radial_in
14.3333,283.9,0.299856,17.2,4204.7,5415.64,3990.63,5602.11,radial_in
14.5,283.507,0.299307,17.4,4144.1,5461.97,3928.38,5645.93,radial_in
14.6667,283.11,0.298757,17.6,4082.98,5507.62,3865.66,5689.07,radial_in
14.8333,282.71,0.298205,17.8,4021.35,5552.59,3802.45,5731.5,radial_in
15,282.307,0.297652,18,3959.23,5596.87,3738.79,5773.23,radial_in
15.1667,281.901,0.297096,18.2,3896.61,5640.46,3674.66,5814.26,radial_in
15.3333,281.491,0.29654,18.4,3833.51,5683.35,3610.09,5854.57,radial_in
15.5,281.078,0.295981,18.6,3769.94,5725.53,3545.07,5894.17,radial_in
15.6667,280.662,0.295421,18.8,3705.9,5767.01,3479.62,5933.04,radial_in
15.8333,280.243,0.294859,19,3641.4,5807.77,3413.74,5971.19,radial_in
16,279.821,0.294295,19.2,3576.45,5847.8,3347.45,6008.61,radial_in
16.1667,279.395,0.29373,19.4,3511.05,5887.12,3280.74,6045.29,radial_in
16.3333,278.966,0.293163,19.6,3445.22,5925.7,3213.63,6081.23,radial_in
16.5,278.533,0.292594,19.8,3378.96,5963.54,3146.13,6116.42,radial_in
16.6667,278.098,0.292024,20,3312.28,6000.65,3078.24,6150.87,radial_in
16.8333,277.659,0.291452,20.2,3245.19,6037.01,3009.98,6184.56,radial_in
17,277.216,0.290878,20.4,3177.7,6072.63,2941.35,6217.5,radial_in
17.1667,276.77,0.290302,20.6,3109.81,6107.49,2872.35,6249.67,radial_in
17.3333,276.321,0.289724,20.8,3041.54,6141.59,2803.01,6281.08,radial_in
17.5,275.868,0.289145,21,2972.89,6174.93,2733.32,6311.71,radial_in
17.6667,275.412,0.288564,21.2,2903.87,6207.5,2663.3,6341.58,radial_in
17.8333,274.952,0.287981,21.4,2834.49,6239.31,2592.95,6370.67,radial_in
18,274.489,0.287396,21.6,2764.76,6270.33,2522.28,6398.97,radial_in
18.1667,274.022,0.286809,21.8,2694.69,6300.58,2451.31,6426.5,radial_in
18.3333,273.552,0.286221,22,2624.28,6330.05,2380.03,6453.23,radial_in
18.5,273.078,0.285631,22.2,2553.54,6358.73,2308.46,6479.18,radial_in
18.6667,272.601,0.285038,22.4,2482.49,6386.62,2236.61,6504.33,radial_in
18.8333,272.12,0.284444,22.6,2411.13,6413.72,2164.49,6528.69,radial_in
19,271.636,0.283849,22.8,2339.47,6440.02,2092.1,6552.24,radial_in
19.1667,271.148,0.283251,23,2267.52,6465.53,2019.45,6575,radial_in
19.3333,270.656,0.282651,23.2,2195.29,6490.22,1946.56,6596.94,radial_in
19.5,270.161,0.28205,23.4,2122.78,6514.12,1873.43,6618.08,radial_in
19.6667,269.662,0.281447,23.6,2050.01,6537.2,1800.07,6638.41,radial_in
19.8333,269.16,0.280841,23.8,1976.99,6559.47,1726.48,6657.93,radial_in
20,268.654,0.280234,24,1903.72,6580.93,1652.69,6676.63,radial_in
20.1667,268.144,0.279625,24.2,1830.22,6601.57,1578.7,6694.51,radial_in
20.3333,267.631,0.279014,24.4,1756.48,6621.38,1504.51,6711.57,radial_in
20.5,267.114,0.278401,24.6,1682.53,6640.38,1430.13,6727.81,radial_in
20.6667,266.593,0.277786,24.8,1608.37,6658.55,1355.59,6743.23,radial_in
20.8333,266.069,0.27717,25,1534.01,6675.89,1280.87,6757.82,radial_in
21,265.541,0.276551,25.2,1459.46,6692.4,1206,6771.58,radial_in
21.1667,265.009,0.275931,25.4,1384.73,6708.08,1130.98,6784.52,radial_in
21.3333,264.474,0.275308,25.6,1309.82,6722.93,1055.82,6796.62,radial_in
21.5,263.935,0.274684,25.8,1234.76,6736.94,980.536,6807.89,radial_in
21.6667,263.392,0.274057,26,1159.54,6750.11,905.129,6818.32,radial_in
21.8333,262.846,0.273429,26.2,1084.17,6762.45,829.611,6827.92,radial_in
22,262.295,0.272799,26.4,1008.67,6773.94,753.991,6836.69,radial_in
22.1667,261.742,0.272166,26.6,933.046,6784.59,678.279,6844.61,radial_in
22.3333,261.184,0.271532,26.8,857.304,6794.39,602.484,6851.7,radial_in
22.5,260.623,0.270896,27,781.456,6803.35,526.615,6857.95,radial_in
22.6667,260.058,0.270258,27.2,705.511,6811.47,450.682,6863.36,radial_in
22.8333,259.489,0.269618,27.4,629.478,6818.74,374.694,6867.92,radial_in
23,258.916,0.268976,27.6,553.366,6825.15,298.659,6871.65,radial_in
23.1667,258.34,0.268332,27.8,477.186,6830.72,222.588,6874.53,radial_in
23.3333,257.76,0.267686,28,400.947,6835.44,146.49,6876.58,radial_in
23.5,257.177,0.267038,28.2,324.657,6839.31,70.3736,6877.78,radial_in
23.6667,256.589,0.266388,28.4,248.327,6842.33,-5.75127,6878.13,radial_in
23.8333,255.998,0.265736,28.6,171.966,6844.49,-81.8754,6877.65,radial_in
24,255.403,0.265083,28.8,95.584,6845.8,-157.99,6876.32,radial_in
24.1667,254.805,0.264427,29,19.1898,6846.27,-234.084,6874.15,radial_in
24.3333,254.203,0.263769,29.2,-57.2067,6845.87,-310.15,6871.14,radial_in
24.5,253.597,0.263109,29.4,-133.596,6844.63,-386.178,6867.29,radial_in
24.6667,252.987,0.262448,29.6,-209.969,6842.53,-462.159,6862.59,radial_in
24.8333,252.373,0.261784,29.8,-286.316,6839.58,-538.083,6857.06,radial_in
25,251.756,0.261118,30,-362.627,6835.78,-613.942,6850.68,radial_in
25.1667,251.136,0.260451,30.2,-438.892,6831.13,-689.725,6843.47,radial_in
25.3333,250.511,0.259781,30.4,-515.104,6825.63,-765.423,6835.41,radial_in
25.5,249.883,0.25911,30.6,-591.251,6819.28,-841.028,6826.52,radial_in
25.6667,249.251,0.258437,30.8,-667.324,6812.07,-916.53,6816.8,radial_in
25.8333,248.615,0.257761,31,-743.314,6804.02,-991.92,6806.24,radial_in
26,247.976,0.257084,31.2,-819.212,6795.12,-1067.19,6794.84,radial_in
26.1667,247.333,0.256405,31.4,-895.007,6785.38,-1142.32,6782.61,radial_in
26.3333,246.687,0.255723,31.6,-970.691,6774.79,-1217.32,6769.56,radial_in
26.5,246.036,0.25504,31.8,-1046.25,6763.35,-1292.17,6755.67,radial_in
26.6667,245.383,0.254355,32,-1121.69,6751.07,-1366.86,6740.95,radial_in
26.8333,244.725,0.253668,32.2,-1196.98,6737.95,-1441.38,6725.41,radial_in
27,244.064,0.252979,32.4,-1272.12,6723.99,-1515.73,6709.05,radial_in
27.1667,243.399,0.252288,32.6,-1347.11,6709.19,-1589.89,6691.86,radial_in
27.3333,242.731,0.251595,32.8,-1421.92,6693.56,-1663.85,6673.86,radial_in
27.5,242.059,0.2509,33,-1496.56,6677.09,-1737.62,6655.03,radial_in
27.6667,241.384,0.250204,33.2,-1571.02,6659.79,-1811.17,6635.39,radial_in
27.8333,240.705,0.249505,33.4,-1645.27,6641.65,-1884.49,6614.94,radial_in
28,240.022,0.248805,33.6,-1719.33,6622.69,-1957.59,6593.68,radial_in
28.1667,239.336,0.248102,33.8,-1793.16,6602.91,-2030.44,6571.61,radial_in
28.3333,238.646,0.247398,34,-1866.78,6582.3,-2103.05,6548.74,radial_in
28.5,237.953,0.246692,34.2,-1940.16,6560.86,-2175.4,6525.06,radial_in
28.6667,237.257,0.245984,34.4,-2013.3,6538.61,-2247.49,6500.58,radial_in
28.8333,236.556,0.245274,34.6,-2086.19,6515.55,-2319.29,6475.31,radial_in
29,235.853,0.244562,34.8,-2158.81,6491.67,-2390.82,6449.24,radial_in
29.1667,235.146,0.243848,35,-2231.17,6466.98,-2462.05,6422.39,radial_in
29.3333,234.435,0.243133,35.2,-2303.25,6441.48,-2532.98,6394.75,radial_in
29.5,233.721,0.242415,35.4,-2375.04,6415.18,-2603.6,6366.32,radial_in
29.6667,233.004,0.241696,35.6,-2446.54,6388.08,-2673.9,6337.12,radial_in
29.8333,232.283,0.240975,35.8,-2517.73,6360.18,-2743.87,6307.13,radial_in
30,231.559,0.240252,36,-2588.6,6331.49,-2813.51,6276.38,radial_in
30.1667,230.832,0.239527,36.2,-2659.16,6302.01,-2882.8,6244.86,radial_in
30.3333,230.101,0.238801,36.4,-2729.38,6271.74,-2951.74,6212.57,radial_in
30.5,229.367,0.238072,36.6,-2799.26,6240.69,-3020.32,6179.52,radial_in
30.6667,228.629,0.237342,36.8,-2868.79,6208.86,-3088.53,6145.71,radial_in
30.8333,227.888,0.23661,37,-2937.96,6176.25,-3156.35,6111.15,radial_in
31,227.144,0.235876,37.2,-3006.77,6142.87,-3223.8,6075.85,radial_in
31.1667,226.397,0.235141,37.4,-3075.2,6108.73,-3290.84,6039.79,radial_in
31.3333,225.647,0.234404,37.6,-3143.24,6073.82,-3357.49,6003,radial_in
31.5,224.893,0.233664,37.8,-3210.9,6038.15,-3423.72,5965.48,radial_in
31.6667,224.136,0.232924,38,-3278.15,6001.73,-3489.54,5927.22,radial_in
31.8333,223.376,0.232181,38.2,-3344.99,5964.56,-3554.92,5888.23,radial_in
32,222.613,0.231437,38.4,-3411.42,5926.65,-3619.87,5848.53,radial_in
32.1667,221.847,0.230691,38.6,-3477.41,5887.99,-3684.38,5808.11,radial_in
32.3333,221.078,0.229943,38.8,-3542.98,5848.6,-3748.44,5766.97,radial_in
32.5,220.306,0.229194,39,-3608.1,5808.47,-3812.03,5725.13,radial_in
32.6667,219.53,0.228442,39.2,-3672.77,5767.62,-3875.16,5682.59,radial_in
32.8333,218.752,0.22769,39.4,-3736.98,5726.06,-3937.82,5639.36,radial_in
33,217.97,0.226935,39.6,-3800.73,5683.77,-3999.99,5595.43,radial_in
33.1667,217.186,0.226179,39.8,-3864,5640.77,-4061.68,5550.82,radial_in
33.3333,216.399,0.225421,40,-3926.78,5597.07,-4122.86,5505.52,radial_in
33.5,215.608,0.224662,40.2,-3989.08,5552.67,-4183.54,5459.56,radial_in
33.6667,214.815,0.223901,40.4,-4050.88,5507.58,-4243.71,5412.92,radial_in
33.8333,214.019,0.223138,40.6,-4112.17,5461.8,-4303.36,5365.62,radial_in
34,213.22,0.222374,40.8,-4172.94,5415.33,-4362.48,5317.66,radial_in
34.1667,212.419,0.221608,41,-4233.2,5368.19,-4421.07,5269.06,radial_in
34.3333,211.614,0.220841,41.2,-4292.92,5320.37,-4479.11,5219.8,radial_in
34.5,210.807,0.220072,41.4,-4352.11,5271.89,-4536.61,5169.91,radial_in
34.6667,209.997,0.219301,41.6,-4410.75,5222.75,-4593.55,5119.38,radial_in
34.8333,209.185,0.218529,41.8,-4468.85,5172.96,-4649.93,5068.23,radial_in
35,208.369,0.217755,42,-4526.38,5122.52,-4705.73,5016.46,radial_in
35.1667,207.552,0.21698,42.2,-4583.35,5071.44,-4760.97,4964.07,radial_in
35.3333,206.731,0.216203,42.4,-4639.74,5019.73,-4815.61,4911.07,radial_in
35.5,205.908,0.215425,42.6,-4695.56,4967.39,-4869.67,4857.47,radial_in
35.6667,205.082,0.214646,42.8,-4750.78,4914.42,-4923.14,4803.28,radial_in
35.8333,204.254,0.213865,43,-4805.41,4860.85,-4976,4748.5,radial_in
36,203.423,0.213082,43.2,-4859.45,4806.66,-5028.25,4693.14,radial_in
36.1667,202.59,0.212298,43.4,-4912.87,4751.87,-5079.88,4637.2,radial_in
36.3333,201.755,0.211513,43.6,-4965.68,4696.49,-5130.89,4580.69,radial_in
36.5,200.917,0.210726,43.8,-5017.86,4640.52,-5181.27,4523.62,radial_in
36.6667,200.076,0.209938,44,-5069.42,4583.97,-5231.02,4466,radial_in
36.8333,199.234,0.209148,44.2,-5120.35,4526.84,-5280.13,4407.83,radial_in
37,198.389,0.208357,44.4,-5170.63,4469.15,-5328.59,4349.13,radial_in
37.1667,197.542,0.207565,44.6,-5220.27,4410.9,-5376.4,4289.88,radial_in
37.3333,196.692,0.206771,44.8,-5269.25,4352.1,-5423.55,4230.12,radial_in
37.5,195.84,0.205976,45,-5317.57,4292.75,-5470.03,4169.83,radial_in
37.6667,194.987,0.20518,45.2,-5365.23,4232.87,-5515.85,4109.04,radial_in
37.8333,194.131,0.204383,45.4,-5412.22,4172.45,-5560.99,4047.74,radial_in
38,193.273,0.203584,45.6,-5458.53,4111.52,-5605.45,3985.94,radial_in
38.1667,192.412,0.202784,45.8,-5504.15,4050.07,-5649.22,3923.66,radial_in
38.3333,191.55,0.201982,46,-5549.09,3988.11,-5692.3,3860.9,radial_in
38.5,190.686,0.20118,46.2,-5593.33,3925.65,-5734.68,3797.66,radial_in
38.6667,189.82,0.200376,46.4,-5636.87,3862.7,-5776.36,3733.96,radial_in
38.8333,188.952,0.199571,46.6,-5679.71,3799.27,-5817.33,3669.8,radial_in
39,188.082,0.198765,46.8,-5721.83,3735.36,-5857.59,3605.19,radial_in
39.1667,187.21,0.197958,47,-5763.24,3670.98,-5897.13,3540.14,radial_in
39.3333,186.337,0.197149,47.2,-5803.92,3606.15,-5935.95,3474.66,radial_in
39.5,185.461,0.19634,47.4,-5843.88,3540.86,-5974.04,3408.75,radial_in
39.6667,184.584,0.195529,47.6,-5883.11,3475.13,-6011.41,3342.42,radial_in
39.8333,183.705,0.194717,47.8,-5921.6,3408.96,-6048.03,3275.68,radial_in
40,182.825,0.193904,48,-5959.35,3342.37,-6083.91,3208.55,radial_in
40.1667,181.943,0.193091,48.2,-5996.35,3275.36,-6119.05,3141.01,radial_in
40.3333,181.059,0.192276,48.4,-6032.6,3207.93,-6153.44,3073.1,radial_in
40.5,180.174,0.19146,48.6,-6068.1,3140.11,-6187.08,3004.81,radial_in
40.6667,179.287,0.190643,48.8,-6102.83,3071.89,-6219.95,2936.15,radial_in
40.8333,178.398,0.189825,49,-6136.8,3003.29,-6252.07,2867.13,radial_in
41,177.509,0.189006,49.2,-6170.01,2934.31,-6283.42,2797.76,radial_in
41.1667,176.618,0.188186,49.4,-6202.44,2864.97,-6314,2728.04,radial_in
41.3333,175.725,0.187365,49.6,-6234.09,2795.26,-6343.8,2657.99,radial_in
41.5,174.831,0.186543,49.8,-6264.96,2725.21,-6372.83,2587.62,radial_in
41.6667,173.936,0.18572,50,-6295.05,2654.81,-6401.08,2516.93,radial_in
41.8333,173.04,0.184897,50.2,-6324.34,2584.08,-6428.54,2445.93,radial_in
42,172.142,0.184072,50.4,-6352.85,2513.03,-6455.22,2374.63,radial_in
42.1667,171.243,0.183247,50.6,-6380.56,2441.66,-6481.11,2303.04,radial_in
42.3333,170.344,0.182421,50.8,-6407.47,2369.99,-6506.2,2231.17,radial_in
42.5,169.443,0.181594,51,-6433.58,2298.01,-6530.5,2159.03,radial_in
42.6667,168.541,0.180766,51.2,-6458.88,2225.76,-6553.99,2086.62,radial_in
42.8333,167.638,0.179938,51.4,-6483.37,2153.22,-6576.68,2013.95,radial_in
43,166.734,0.179109,51.6,-6507.05,2080.41,-6598.57,1941.04,radial_in
43.1667,165.829,0.178279,51.8,-6529.91,2007.34,-6619.65,1867.89,radial_in
43.3333,164.923,0.177448,52,-6551.96,1934.02,-6639.92,1794.51,radial_in
43.5,164.016,0.176616,52.2,-6573.18,1860.46,-6659.37,1720.92,radial_in
43.6667,163.109,0.175784,52.4,-6593.58,1786.67,-6678.01,1647.11,radial_in
43.8333,162.201,0.174952,52.6,-6613.15,1712.65,-6695.83,1573.1,radial_in
44,161.292,0.174118,52.8,-6631.9,1638.41,-6712.83,1498.89,radial_in
44.1667,160.382,0.173284,53,-6649.81,1563.97,-6729.01,1424.51,radial_in
44.3333,159.472,0.17245,53.2,-6666.9,1489.34,-6744.36,1349.95,radial_in
44.5,158.561,0.171615,53.4,-6683.14,1414.52,-6758.89,1275.22,radial_in
44.6667,157.65,0.170779,53.6,-6698.55,1339.52,-6772.59,1200.34,radial_in
44.8333,156.738,0.169942,53.8,-6713.12,1264.35,-6785.46,1125.31,radial_in
45,155.825,0.169106,54,-6726.84,1189.03,-6797.5,1050.14,radial_in
45.1667,154.912,0.168268,54.2,-6739.73,1113.55,-6808.7,974.843,radial_in
45.3333,153.999,0.167431,54.4,-6751.77,1037.94,-6819.08,899.427,radial_in
45.5,153.086,0.166592,54.6,-6762.96,962.193,-6828.61,823.901,radial_in
45.6667,152.172,0.165754,54.8,-6773.3,886.329,-6837.31,748.274,radial_in
45.8333,151.258,0.164915,55,-6782.8,810.353,-6845.18,672.556,radial_in
46,150.343,0.164075,55.2,-6791.45,734.276,-6852.2,596.755,radial_in
46.1667,149.429,0.163235,55.4,-6799.24,658.106,-6858.39,520.881,radial_in
46.3333,148.514,0.162395,55.6,-6806.18,581.854,-6863.73,444.943,radial_in
46.5,147.6,0.161554,55.8,-6812.27,505.53,-6868.23,368.951,radial_in
46.6667,146.685,0.160713,56,-6817.51,429.141,-6871.9,292.913,radial_in
46.8333,145.77,0.159872,56.2,-6821.89,352.7,-6874.72,216.84,radial_in
47,144.855,0.159031,56.4,-6825.41,276.213,-6876.7,140.74,radial_in
47.1667,143.941,0.158189,56.6,-6828.08,199.693,-6877.83,64.6226,radial_in
47.3333,143.026,0.157347,56.8,-6829.9,123.147,-6878.13,-11.5025,radial_in
47.5,142.112,0.156505,57,-6830.86,46.5856,-6877.58,-87.6263,radial_in
47.6667,141.198,0.155662,57.2,-6830.96,-29.9814,-6876.19,-163.739,radial_in
47.8333,140.284,0.15482,57.4,-6830.21,-106.545,-6873.95,-239.832,radial_in
48,139.37,0.153977,57.6,-6828.6,-183.095,-6870.88,-315.896,radial_in
48.1667,138.457,0.153134,57.8,-6826.13,-259.622,-6866.96,-391.921,radial_in
48.3333,137.544,0.152291,58,-6822.81,-336.116,-6862.2,-467.897,radial_in
48.5,136.631,0.151448,58.2,-6818.63,-412.569,-6856.6,-543.817,radial_in
48.6667,135.719,0.150605,58.4,-6813.6,-488.969,-6850.17,-619.67,radial_in
48.8333,134.808,0.149762,58.6,-6807.71,-565.308,-6842.89,-695.447,radial_in
49,133.897,0.148918,58.8,-6800.98,-641.577,-6834.77,-771.139,radial_in
49.1667,132.987,0.148075,59,-6793.39,-717.765,-6825.82,-846.736,radial_in
49.3333,132.077,0.147232,59.2,-6784.94,-793.863,-6816.03,-922.23,radial_in
49.5,131.168,0.146389,59.4,-6775.65,-869.862,-6805.41,-997.61,radial_in
49.6667,130.26,0.145546,59.6,-6765.51,-945.751,-6793.95,-1072.87,radial_in
49.8333,129.352,0.144703,59.8,-6754.52,-1021.52,-6781.66,-1148,radial_in
50,128.445,0.14386,60,-6742.68,-1097.17,-6768.54,-1222.98,radial_in
50.1667,127.54,0.143017,60.2,-6730,-1172.67,-6754.59,-1297.82,radial_in
50.3333,126.635,0.142174,60.4,-6716.48,-1248.03,-6739.81,-1372.5,radial_in
50.5,125.731,0.141332,60.6,-6702.11,-1323.23,-6724.21,-1447.01,radial_in
50.6667,124.828,0.140489,60.8,-6686.9,-1398.27,-6707.78,-1521.34,radial_in
50.8333,123.926,0.139647,61,-6670.86,-1473.13,-6690.53,-1595.48,radial_in
51,123.025,0.138805,61.2,-6653.98,-1547.81,-6672.46,-1669.43,radial_in
51.1667,122.125,0.137963,61.4,-6636.27,-1622.29,-6653.58,-1743.18,radial_in
51.3333,121.226,0.137122,61.6,-6617.72,-1696.57,-6633.88,-1816.71,radial_in
51.5,120.329,0.136281,61.8,-6598.35,-1770.63,-6613.36,-1890.02,radial_in
51.6667,119.433,0.13544,62,-6578.15,-1844.48,-6592.04,-1963.1,radial_in
51.8333,118.538,0.1346,62.2,-6557.12,-1918.09,-6569.91,-2035.94,radial_in
52,117.644,0.133759,62.4,-6535.27,-1991.47,-6546.97,-2108.53,radial_in
52.1667,116.752,0.13292,62.6,-6512.61,-2064.59,-6523.24,-2180.86,radial_in
52.3333,115.861,0.13208,62.8,-6489.12,-2137.46,-6498.7,-2252.92,radial_in
52.5,114.972,0.131241,63,-6464.83,-2210.05,-6473.37,-2324.71,radial_in
52.6667,114.084,0.130403,63.2,-6439.72,-2282.37,-6447.24,-2396.21,radial_in
52.8333,113.198,0.129565,63.4,-6413.81,-2354.41,-6420.33,-2467.42,radial_in
53,112.313,0.128727,63.6,-6387.1,-2426.15,-6392.63,-2538.33,radial_in
53.1667,111.43,0.12789,63.8,-6359.58,-2497.58,-6364.14,-2608.92,radial_in
53.3333,110.549,0.127054,64,-6331.27,-2568.71,-6334.88,-2679.2,radial_in
53.5,109.669,0.126218,64.2,-6302.17,-2639.51,-6304.84,-2749.15,radial_in
53.6667,108.791,0.125382,64.4,-6272.27,-2709.98,-6274.02,-2818.76,radial_in
53.8333,107.915,0.124547,64.6,-6241.59,-2780.11,-6242.44,-2888.02,radial_in
54,107.04,0.123713,64.8,-6210.13,-2849.89,-6210.1,-2956.93,radial_in
54.1667,106.168,0.12288,65,-6177.89,-2919.32,-6176.99,-3025.48,radial_in
54.3333,105.297,0.122047,65.2,-6144.88,-2988.38,-6143.13,-3093.66,radial_in
54.5,104.429,0.121214,65.4,-6111.1,-3057.07,-6108.51,-3161.46,radial_in
54.6667,103.562,0.120383,65.6,-6076.55,-3125.37,-6073.15,-3228.88,radial_in
54.8333,102.698,0.119552,65.8,-6041.24,-3193.28,-6037.04,-3295.89,radial_in
55,101.835,0.118722,66,-6005.18,-3260.79,-6000.19,-3362.51,radial_in
55.1667,100.975,0.117892,66.2,-5968.36,-3327.9,-5962.61,-3428.71,radial_in
55.3333,100.117,0.117064,66.4,-5930.79,-3394.59,-5924.3,-3494.49,radial_in
55.5,99.261,0.116236,66.6,-5892.49,-3460.85,-5885.26,-3559.84,radial_in
55.6667,98.4073,0.115409,66.8,-5853.44,-3526.68,-5845.5,-3624.76,radial_in
55.8333,97.5559,0.114583,67,-5813.67,-3592.06,-5805.02,-3689.24,radial_in
56,96.7069,0.113757,67.2,-5773.16,-3657,-5763.84,-3753.26,radial_in
56.1667,95.8602,0.112933,67.4,-5731.93,-3721.48,-5721.94,-3816.82,radial_in
56.3333,95.016,0.112109,67.6,-5689.99,-3785.5,-5679.35,-3879.91,radial_in
56.5,94.1742,0.111287,67.8,-5647.33,-3849.04,-5636.06,-3942.53,radial_in
56.6667,93.3349,0.110465,68,-5603.97,-3912.09,-5592.08,-4004.67,radial_in
56.8333,92.4981,0.109644,68.2,-5559.9,-3974.66,-5547.42,-4066.32,radial_in
57,91.6639,0.108825,68.4,-5515.14,-4036.74,-5502.07,-4127.46,radial_in
57.1667,90.8324,0.108006,68.6,-5469.69,-4098.3,-5456.06,-4188.11,radial_in
57.3333,90.0035,0.107188,68.8,-5423.55,-4159.36,-5409.37,-4248.23,radial_in
57.5,89.1773,0.106371,69,-5376.74,-4219.89,-5362.02,-4307.84,radial_in
57.6667,88.3538,0.105556,69.2,-5329.25,-4279.89,-5314.01,-4366.92,radial_in
57.8333,87.5332,0.104741,69.4,-5281.09,-4339.36,-5265.36,-4425.47,radial_in
58,86.7153,0.103928,69.6,-5232.28,-4398.29,-5216.06,-4483.47,radial_in
58.1667,85.9004,0.103116,69.8,-5182.81,-4456.67,-5166.11,-4540.93,radial_in
58.3333,85.0883,0.102305,70,-5132.69,-4514.48,-5115.54,-4597.83,radial_in
58.5,84.2792,0.101495,70.2,-5081.93,-4571.74,-5064.34,-4654.16,radial_in
58.6667,83.473,0.100686,70.4,-5030.54,-4628.42,-5012.52,-4709.93,radial_in
58.8333,82.6699,0.0998783,70.6,-4978.51,-4684.52,-4960.09,-4765.12,radial_in
59,81.8698,0.0990719,70.8,-4925.86,-4740.04,-4907.04,-4819.72,radial_in
59.1667,81.0729,0.0982668,71,-4872.6,-4794.97,-4853.4,-4873.73,radial_in
59.3333,80.2791,0.097463,71.2,-4818.73,-4849.29,-4799.16,-4927.15,radial_in
59.5,79.4885,0.0966605,71.4,-4764.25,-4903.01,-4744.34,-4979.96,radial_in
59.6667,78.7011,0.0958592,71.6,-4709.18,-4956.12,-4688.93,-5032.17,radial_in
59.8333,77.917,0.0950593,71.8,-4653.52,-5008.6,-4632.95,-5083.75,radial_in
60,77.1362,0.0942607,72,-4597.28,-5060.46,-4576.4,-5134.72,radial_in
60.1667,76.3587,0.0934636,72.2,-4540.46,-5111.69,-4519.29,-5185.05,radial_in
60.3333,75.5846,0.0926677,72.4,-4483.08,-5162.28,-4461.63,-5234.75,radial_in
60.5,74.814,0.0918733,72.6,-4425.13,-5212.22,-4403.42,-5283.81,radial_in
60.6667,74.0468,0.0910804,72.8,-4366.64,-5261.51,-4344.67,-5332.22,radial_in
60.8333,73.2831,0.0902888,73,-4307.59,-5310.15,-4285.39,-5379.98,radial_in
61,72.523,0.0894987,73.2,-4248.01,-5358.12,-4225.58,-5427.08,radial_in
61.1667,71.7665,0.0887101,73.4,-4187.9,-5405.42,-4165.26,-5473.52,radial_in
61.3333,71.0136,0.0879231,73.6,-4127.26,-5452.04,-4104.42,-5519.28,radial_in
61.5,70.2644,0.0871375,73.8,-4066.11,-5497.98,-4043.09,-5564.37,radial_in
61.6667,69.5189,0.0863535,74,-4004.45,-5543.24,-3981.26,-5608.78,radial_in
61.8333,68.7772,0.085571,74.2,-3942.29,-5587.81,-3918.94,-5652.5,radial_in
62,68.0393,0.0847901,74.4,-3879.64,-5631.67,-3856.14,-5695.52,radial_in
62.1667,67.3052,0.0840108,74.6,-3816.5,-5674.83,-3792.86,-5737.85,radial_in
62.3333,66.5749,0.0832332,74.8,-3752.89,-5717.29,-3729.13,-5779.48,radial_in
62.5,65.8486,0.0824572,75,-3688.8,-5759.03,-3664.93,-5820.4,radial_in
62.6667,65.1263,0.0816828,75.2,-3624.26,-5800.05,-3600.29,-5860.6,radial_in
62.8333,64.408,0.0809101,75.4,-3559.26,-5840.34,-3535.21,-5900.09,radial_in
63,63.6937,0.0801391,75.6,-3493.82,-5879.91,-3469.69,-5938.86,retrograde
63.1667,62.9838,0.0794613,75.8,-3427.95,-5918.74,-3403.75,-5976.89,retrograde
63.3333,62.2784,0.0787822,76,-3361.65,-5956.84,-3337.39,-6014.2,retrograde
63.5,61.5775,0.0781017,76.2,-3294.93,-5994.19,-3270.63,-6050.77,retrograde
63.6667,60.8814,0.0774199,76.4,-3227.8,-6030.79,-3203.46,-6086.59,retrograde
63.8333,60.19,0.076737,76.6,-3160.28,-6066.64,-3135.9,-6121.68,retrograde
64,59.5034,0.076053,76.8,-3092.36,-6101.74,-3067.95,-6156.01,retrograde
64.1667,58.8215,0.0753679,77,-3024.06,-6136.07,-2999.63,-6189.59,retrograde
64.3333,58.1446,0.0746819,77.2,-2955.38,-6169.64,-2930.94,-6222.41,retrograde
64.5,57.4727,0.073995,77.4,-2886.34,-6202.44,-2861.9,-6254.46,retrograde
64.6667,56.8057,0.0733073,77.6,-2816.94,-6234.47,-2792.5,-6285.75,retrograde
64.8333,56.1437,0.0726189,77.8,-2747.19,-6265.72,-2722.76,-6316.28,retrograde
65,55.4868,0.0719298,78,-2677.1,-6296.19,-2652.69,-6346.02,retrograde
65.1667,54.8351,0.0712402,78.2,-2606.68,-6325.88,-2582.29,-6374.99,retrograde
65.3333,54.1886,0.0705501,78.4,-2535.93,-6354.78,-2511.58,-6403.18,retrograde
65.5,53.5472,0.0698595,78.6,-2464.88,-6382.88,-2440.56,-6430.59,retrograde
65.6667,52.9112,0.0691686,78.8,-2393.52,-6410.19,-2369.23,-6457.2,retrograde
65.8333,52.2804,0.0684775,79,-2321.86,-6436.71,-2297.62,-6483.03,retrograde
66,51.6551,0.0677862,79.2,-2249.91,-6462.42,-2225.73,-6508.06,coast
66.1667,51.0343,0.0671769,79.2,-2177.69,-6487.33,-2153.57,-6532.3,coast
66.3333,50.4176,0.0665691,79.2,-2105.2,-6511.43,-2081.14,-6555.73,coast
66.5,49.8048,0.065963,79.2,-2032.44,-6534.72,-2008.45,-6578.36,coast
66.6667,49.196,0.0653585,79.2,-1959.43,-6557.19,-1935.52,-6600.19,coast
66.8333,48.5913,0.0647556,79.2,-1886.18,-6578.86,-1862.36,-6621.21,coast
67,47.9907,0.0641545,79.2,-1812.69,-6599.7,-1788.96,-6641.41,coast
67.1667,47.3942,0.063555,79.2,-1738.98,-6619.72,-1715.35,-6660.81,coast
67.3333,46.8019,0.0629573,79.2,-1665.05,-6638.93,-1641.52,-6679.38,coast
67.5,46.2137,0.0623614,79.2,-1590.91,-6657.3,-1567.5,-6697.14,coast
67.6667,45.6298,0.0617672,79.2,-1516.58,-6674.85,-1493.28,-6714.08,coast
67.8333,45.05,0.0611749,79.2,-1442.06,-6691.57,-1418.88,-6730.2,coast
68,44.4746,0.0605845,79.2,-1367.36,-6707.45,-1344.31,-6745.49,coast
68.1667,43.9034,0.0599959,79.2,-1292.49,-6722.51,-1269.57,-6759.95,coast
68.3333,43.3366,0.0594093,79.2,-1217.46,-6736.73,-1194.67,-6773.59,coast
68.5,42.774,0.0588246,79.2,-1142.27,-6750.11,-1119.63,-6786.4,coast
68.6667,42.2159,0.0582418,79.2,-1066.95,-6762.65,-1044.46,-6798.37,coast
68.8333,41.6622,0.0576611,79.2,-991.491,-6774.35,-969.149,-6809.52,coast
69,41.1128,0.0570824,79.2,-915.91,-6785.21,-893.725,-6819.83,coast
69.1667,40.5679,0.0565058,79.2,-840.216,-6795.23,-818.191,-6829.3,coast
69.3333,40.0275,0.0559313,79.2,-764.418,-6804.41,-742.557,-6837.94,coast
69.5,39.4915,0.0553589,79.2,-688.524,-6812.74,-666.832,-6845.74,coast
69.6667,38.9601,0.0547887,79.2,-612.545,-6820.22,-591.025,-6852.7,coast
69.8333,38.4332,0.0542206,79.2,-536.49,-6826.86,-515.146,-6858.82,coast
70,37.9108,0.0536548,79.2,-460.369,-6832.65,-439.204,-6864.1,coast
70.1667,37.393,0.0530912,79.2,-384.19,-6837.59,-363.208,-6868.54,coast
70.3333,36.8798,0.0525298,79.2,-307.964,-6841.68,-287.167,-6872.14,coast
70.5,36.3711,0.0519708,79.2,-231.699,-6844.93,-211.091,-6874.9,coast
70.6667,35.8671,0.0514141,79.2,-155.406,-6847.32,-134.99,-6876.81,coast
70.8333,35.3678,0.0508598,79.2,-79.0932,-6848.87,-58.8715,-6877.89,coast
71,34.873,0.0503079,79.2,-2.77074,-6849.56,17.2538,-6878.12,coast
71.1667,34.383,0.0497584,79.2,73.552,-6849.41,93.377,-6877.5,coast
71.3333,33.8976,0.0492114,79.2,149.866,-6848.41,169.489,-6876.05,coast
71.5,33.4169,0.0486669,79.2,226.161,-6846.56,245.58,-6873.75,coast
71.6667,32.9409,0.0481249,79.2,302.428,-6843.86,321.641,-6870.61,coast
71.8333,32.4696,0.0475855,79.2,378.657,-6840.31,397.662,-6866.63,coast
72,32.003,0.0470486,79.2,454.84,-6835.91,473.635,-6861.81,coast
72.1667,31.5412,0.0465144,79.2,530.966,-6830.66,549.55,-6856.15,coast
72.3333,31.0841,0.0459829,79.2,607.026,-6824.57,625.398,-6849.65,coast
72.5,30.6318,0.045454,79.2,683.012,-6817.63,701.168,-6842.3,coast
72.6667,30.1842,0.0449279,79.2,758.912,-6809.85,776.853,-6834.13,coast
72.8333,29.7413,0.0444045,79.2,834.719,-6801.23,852.443,-6825.11,coast
73,29.3033,0.0438839,79.2,910.422,-6791.76,927.929,-6815.26,coast
73.1667,28.87,0.0433661,79.2,986.012,-6781.45,1003.3,-6804.57,coast
73.3333,28.4415,0.0428512,79.2,1061.48,-6770.3,1078.55,-6793.05,coast
73.5,28.0177,0.0423393,79.2,1136.82,-6758.31,1153.67,-6780.69,coast
73.6667,27.5987,0.0418302,79.2,1212.01,-6745.48,1228.64,-6767.51,coast
73.8333,27.1846,0.0413241,79.2,1287.06,-6731.82,1303.47,-6753.5,coast
74,26.7751,0.040821,79.2,1361.95,-6717.33,1378.13,-6738.66,coast
74.1667,26.3705,0.040321,79.2,1436.66,-6702,1452.63,-6722.99,coast
74.3333,25.9706,0.039824,79.2,1511.2,-6685.85,1526.95,-6706.5,coast
74.5,25.5755,0.0393302,79.2,1585.56,-6668.87,1601.08,-6689.19,coast
74.6667,25.1851,0.0388395,79.2,1659.71,-6651.06,1675.01,-6671.06,coast
74.8333,24.7995,0.038352,79.2,1733.66,-6632.43,1748.74,-6652.12,coast
75,24.4187,0.0378678,79.2,1807.4,-6612.98,1822.26,-6632.36,coast
75.1667,24.0425,0.0373868,79.2,1880.91,-6592.71,1895.55,-6611.78,coast
75.3333,23.6711,0.0369091,79.2,1954.2,-6571.62,1968.61,-6590.4,coast
75.5,23.3045,0.0364348,79.2,2027.23,-6549.72,2041.43,-6568.21,coast
75.6667,22.9425,0.0359639,79.2,2100.02,-6527.02,2114,-6545.21,coast
75.8333,22.5852,0.0354964,79.2,2172.55,-6503.5,2186.31,-6521.41,coast
76,22.2326,0.0350324,79.2,2244.81,-6479.18,2258.35,-6496.82,coast
76.1667,21.8846,0.0345719,79.2,2316.79,-6454.06,2330.12,-6471.42,coast
76.3333,21.5413,0.034115,79.2,2388.49,-6428.15,2401.6,-6445.24,coast
76.5,21.2025,0.0336616,79.2,2459.89,-6401.43,2472.79,-6418.26,coast
76.6667,20.8684,0.033212,79.2,2530.99,-6373.93,2543.67,-6390.5,coast
76.8333,20.5389,0.032766,79.2,2601.77,-6345.64,2614.24,-6361.96,coast
77,20.2139,0.0323238,79.2,2672.23,-6316.56,2684.49,-6332.63,coast
77.1667,19.8935,0.0318854,79.2,2742.37,-6286.71,2754.42,-6302.54,coast
77.3333,19.5775,0.0314508,79.2,2812.16,-6256.07,2824,-6271.67,coast
77.5,19.2661,0.0310201,79.2,2881.61,-6224.67,2893.24,-6240.03,coast
77.6667,18.959,0.0305933,79.2,2950.7,-6192.5,2962.13,-6207.62,coast
77.8333,18.6564,0.0301705,79.2,3019.42,-6159.56,3030.65,-6174.46,coast
78,18.3582,0.0297518,79.2,3087.78,-6125.86,3098.8,-6140.54,coast
78.1667,18.0644,0.0293371,79.2,3155.75,-6091.4,3166.57,-6105.87,coast
78.3333,17.7748,0.0289266,79.2,3223.33,-6056.19,3233.95,-6070.45,coast
78.5,17.4895,0.0285202,79.2,3290.51,-6020.24,3300.94,-6034.28,coast
78.6667,17.2085,0.0281181,79.2,3357.29,-5983.54,3367.52,-5997.38,coast
78.8333,16.9317,0.0277204,79.2,3423.66,-5946.1,3433.69,-5959.74,coast
79,16.6591,0.0273269,79.2,3489.6,-5907.93,3499.44,-5921.37,coast
79.1667,16.3906,0.0269379,79.2,3555.11,-5869.04,3564.76,-5882.28,coast
79.3333,16.1261,0.0265533,79.2,3620.18,-5829.41,3629.65,-5842.47,coast
79.5,15.8657,0.0261733,79.2,3684.81,-5789.07,3694.09,-5801.94,coast
79.6667,15.6093,0.0257978,79.2,3748.98,-5748.01,3758.08,-5760.7,coast
79.8333,15.3569,0.025427,79.2,3812.69,-5706.25,3821.6,-5718.75,coast
80,15.1083,0.0250609,79.2,3875.93,-5663.78,3884.66,-5676.11,coast
80.1667,14.8635,0.0246996,79.2,3938.69,-5620.61,3947.25,-5632.76,coast
80.3333,14.6226,0.0243431,79.2,4000.96,-5576.75,4009.34,-5588.73,coast
80.5,14.3854,0.0239915,79.2,4062.74,-5532.2,4070.95,-5544.02,coast
80.6667,14.1519,0.0236448,79.2,4124.03,-5486.97,4132.06,-5498.62,coast
80.8333,13.922,0.0233032,79.2,4184.8,-5441.07,4192.67,-5452.55,coast
81,13.6957,0.0229666,79.2,4245.06,-5394.49,4252.76,-5405.81,coast
81.1667,13.4728,0.0226352,79.2,4304.79,-5347.25,4312.32,-5358.42,coast
81.3333,13.2535,0.0223089,79.2,4363.99,-5299.35,4371.37,-5310.36,coast
81.5,13.0375,0.021988,79.2,4422.66,-5250.79,4429.87,-5261.65,coast
81.6667,12.8249,0.0216724,79.2,4480.78,-5201.59,4487.83,-5212.3,coast
81.8333,12.6155,0.0213622,79.2,4538.35,-5151.75,4545.25,-5162.32,coast
82,12.4093,0.0210575,79.2,4595.36,-5101.28,4602.1,-5111.69,coast
82.1667,12.2062,0.0207583,79.2,4651.8,-5050.17,4658.39,-5060.45,coast
82.3333,12.0062,0.0204647,79.2,4707.67,-4998.45,4714.12,-5008.58,coast
82.5,11.8093,0.0201768,79.2,4762.97,-4946.11,4769.26,-4956.1,coast
82.6667,11.6152,0.0198946,79.2,4817.67,-4893.16,4823.82,-4903.01,coast
82.8333,11.424,0.0196182,79.2,4871.78,-4839.6,4877.79,-4849.32,coast
83,11.2356,0.0193476,79.2,4925.3,-4785.46,4931.16,-4795.04,coast
83.1667,11.0499,0.019083,79.2,4978.2,-4730.72,4983.93,-4740.17,coast
83.3333,10.8669,0.0188243,79.2,5030.5,-4675.4,5036.09,-4684.72,coast
83.5,10.6865,0.0185717,79.2,5082.17,-4619.51,5087.63,-4628.7,coast
83.6667,10.5086,0.0183252,79.2,5133.22,-4563.04,5138.54,-4572.1,coast
83.8333,10.3331,0.0180848,79.2,5183.64,-4506.02,5188.83,-4514.95,coast
84,10.1599,0.0178505,79.2,5233.42,-4448.44,5238.48,-4457.25,coast
84.1667,9.98911,0.0176225,79.2,5282.56,-4390.31,5287.49,-4399,coast
84.3333,9.8205,0.0174008,79.2,5331.04,-4331.65,5335.86,-4340.21,coast
84.5,9.65404,0.0171854,79.2,5378.87,-4272.45,5383.56,-4280.89,coast
84.6667,9.48966,0.0169764,79.2,5426.04,-4212.73,5430.61,-4221.04,coast
84.8333,9.32728,0.0167737,79.2,5472.55,-4152.48,5477,-4160.68,coast
85,9.16683,0.0165774,79.2,5518.37,-4091.73,5522.71,-4099.81,coast
85.1667,9.00825,0.0163876,79.2,5563.53,-4030.48,5567.75,-4038.43,coast
85.3333,8.85145,0.0162042,79.2,5607.99,-3968.73,5612.1,-3976.56,coast
85.5,8.69637,0.0160272,79.2,5651.77,-3906.49,5655.77,-3914.21,coast
85.6667,8.54295,0.0158567,79.2,5694.85,-3843.77,5698.75,-3851.37,coast
85.8333,8.3911,0.0156927,79.2,5737.24,-3780.58,5741.02,-3788.07,coast
86,8.24076,0.0155351,79.2,5778.92,-3716.92,5782.59,-3724.29,coast
86.1667,8.09187,0.0153839,79.2,5819.88,-3652.81,5823.46,-3660.07,coast
86.3333,7.94435,0.0152391,79.2,5860.14,-3588.25,5863.61,-3595.39,coast
86.5,7.79815,0.0151006,79.2,5899.67,-3523.24,5903.04,-3530.27,coast
86.6667,7.65318,0.0149685,79.2,5938.48,-3457.81,5941.75,-3464.73,coast
86.8333,7.50941,0.0148427,79.2,5976.56,-3391.95,5979.74,-3398.75,coast
87,7.36675,0.0147231,79.2,6013.9,-3325.67,6016.99,-3332.36,coast
87.1667,7.22515,0.0146096,79.2,6050.51,-3258.99,6053.5,-3265.56,coast
87.3333,7.08454,0.0145022,79.2,6086.37,-3191.9,6089.27,-3198.37,coast
87.5,6.94488,0.0144008,79.2,6121.49,-3124.42,6124.3,-3130.78,coast
87.6667,6.8061,0.0143053,79.2,6155.85,-3056.56,6158.57,-3062.8,coast
87.8333,6.66815,0.0142156,79.2,6189.46,-2988.33,6192.09,-2994.46,coast
88,6.53097,0.0141317,79.2,6222.31,-2919.73,6224.85,-2925.74,prograde
88.1667,6.39518,0.0139604,79.4,6254.4,-2850.76,6256.85,-2856.67,prograde
88.3333,6.26144,0.0137924,79.6,6285.71,-2781.45,6288.09,-2787.24,prograde
88.5,6.12974,0.0136275,79.8,6316.26,-2711.79,6318.55,-2717.48,prograde
88.6667,6.00007,0.0134657,80,6346.04,-2641.8,6348.24,-2647.38,prograde
88.8333,5.87244,0.013307,80.2,6375.03,-2571.48,6377.15,-2576.96,prograde
89,5.74683,0.0131513,80.4,6403.25,-2500.85,6405.28,-2506.22,coast
89.1667,5.62251,0.0130969,80.4,6430.67,-2429.9,6432.63,-2435.18,coast
89.3333,5.49871,0.0130473,80.4,6457.31,-2358.66,6459.18,-2363.83,coast
89.5,5.37539,0.0130024,80.4,6483.16,-2287.13,6484.95,-2292.2,coast
89.6667,5.25252,0.0129622,80.4,6508.21,-2215.32,6509.92,-2220.29,coast
89.8333,5.13006,0.0129264,80.4,6532.47,-2143.24,6534.1,-2148.1,coast
90,5.00799,0.0128948,80.4,6555.92,-2070.89,6557.47,-2075.65,prograde
90.1667,4.88711,0.0127511,80.6,6578.57,-1998.29,6580.04,-2002.95,prograde
